model,AUC,TPR,FPR,TNR,FNR,Precision,Recall,F1
LCM_1.8M_PK_5V_3L,0.7784575650063222,0.6807875320786998,0.017298883801766193,0.9827011161982339,0.20930727830054177,0.877392331638654,0.7948513156956429,0.8209676018016355
LCM_1.8M_PK_5V_3L_stage0,0.7405987565414885,0.6865481202152042,0.07210678170111305,0.9278932182988869,0.16758773141751865,0.8184718215882777,0.7531242954835802,0.7726292767235381
