model_a,model_b,n_shared_samples,mean_a ± std,mean_b ± std,raw_p_value,adjusted_alpha,significant_after_correction
LCM_100syn_0sim,LCM_80syn_20sim,986,0.6523 ± 0.1236,0.9062 ± 0.0352,7.779283516747817e-163,0.008333333333333333,Yes
LCM_100syn_0sim,LCM_50syn_50sim,986,0.6523 ± 0.1236,0.9208 ± 0.0268,6.382003757565017e-163,0.008333333333333333,Yes
LCM_100syn_0sim,LCM_20syn_80sim,986,0.6523 ± 0.1236,0.9229 ± 0.0246,6.400767314644235e-163,0.008333333333333333,Yes
LCM_80syn_20sim,LCM_50syn_50sim,1000,0.9039 ± 0.0402,0.9205 ± 0.0270,4.40638966203608e-50,0.008333333333333333,Yes
LCM_80syn_20sim,LCM_20syn_80sim,1000,0.9039 ± 0.0402,0.9224 ± 0.0250,3.9161747839005364e-63,0.008333333333333333,Yes
LCM_50syn_50sim,LCM_20syn_80sim,1000,0.9205 ± 0.0270,0.9224 ± 0.0250,0.04066158917561312,0.008333333333333333,No
