mean,median,std,min,max
0.0022772819472616636,0.002,0.0004624148198648112,0.002,0.004
0.002198200000000001,0.002,0.00040663230315112685,0.002,0.004
0.0022228000000000005,0.002,0.00042614138416239504,0.002,0.004
0.0022310000000000003,0.002,0.00042810706036111937,0.002,0.004
