model,AUC_mean,AUC_se,TPR_mean,TPR_se,FPR_mean,FPR_se,TNR_mean,TNR_se,FNR_mean,FNR_se,Precision_mean,Precision_se,Recall_mean,Recall_se,F1_mean,F1_se
LCM_9.4M,0.8406492180103878,0.0,0.9513290165785933,5.551115123125783e-17,0.270030581385434,0.0,0.729969418614566,0.0,0.04867098342140697,0.0,0.7931981956609245,0.0,0.9513290165785933,5.551115123125783e-17,0.8569755317094234,0.0
LCM_9.1M_modifiedperm_CI_CR_12_3_synth_230k_sim_34k_pt,0.8486310851445301,0.0,0.9589362080845267,5.551115123125783e-17,0.26167404013533263,0.0,0.7383259598646674,0.0,0.04106379191547315,0.0,0.800230567994517,5.551115123125783e-17,0.9589362080845267,5.551115123125783e-17,0.8645744754073446,0.0
