mean,median,std,min,max
0.028023741007194257,0.027,0.0035894443846615975,0.022,0.073
0.09160030832476876,0.089,0.012173686505594273,0.068,0.335
