model,AUC_mean,AUC_se,TPR_mean,TPR_se,FPR_mean,FPR_se,TNR_mean,TNR_se,FNR_mean,FNR_se,Precision_mean,Precision_se,Recall_mean,Recall_se,F1_mean,F1_se
LCM_9.4M,0.7971032194101585,0.00012948970630015917,0.7278165827447268,0.00034838493693487775,0.13361014984810254,0.00014305152720172056,0.8663898501518975,0.00014305152720172138,0.27218341725527323,0.0003483849369348772,0.8230054430659942,0.00018290333773274603,0.7278165827447268,0.00034838493693487775,0.7519652767622339,0.0003023306011494979
LCM_9.1M_modifiedperm_CI_CR_12_3_synth_230k_sim_34k_pt,0.8097931827423701,0.0001563919296949769,0.7495329857861606,0.00027710133571667904,0.1299466257741108,0.00017793771158621655,0.8700533742258892,0.00017793771158621638,0.2504670142138395,0.0002771013357166793,0.8353514035879757,0.0003626282384494418,0.7495329857861606,0.00027710133571667904,0.7693298327256153,0.0002562589961807156
