mean,median,std,min,max
0.02721061493411421,0.026,0.004292382106859963,0.023,0.223
0.07641738653001463,0.075,0.006553073346481169,0.063,0.158
