model_a,model_b,n_shared_samples,mean_a ± std,mean_b ± std,raw_p_value,adjusted_alpha,significant_after_correction
LCM_100syn_0sim,LCM_80syn_20sim,54,0.8815 ± 0.1251,0.9530 ± 0.0563,0.006482825477528691,0.008333333333333333,Yes
LCM_100syn_0sim,LCM_50syn_50sim,54,0.8815 ± 0.1251,0.9618 ± 0.0429,0.002428694069548776,0.008333333333333333,Yes
LCM_100syn_0sim,LCM_20syn_80sim,54,0.8815 ± 0.1251,0.9528 ± 0.0495,0.005630708256151164,0.008333333333333333,Yes
LCM_80syn_20sim,LCM_50syn_50sim,54,0.9530 ± 0.0563,0.9618 ± 0.0429,0.14653050581491145,0.008333333333333333,No
LCM_80syn_20sim,LCM_20syn_80sim,54,0.9530 ± 0.0563,0.9528 ± 0.0495,0.0742564997992443,0.008333333333333333,No
LCM_50syn_50sim,LCM_20syn_80sim,54,0.9618 ± 0.0429,0.9528 ± 0.0495,0.2937679035161409,0.008333333333333333,No
