model,AUC_mean,AUC_se,TPR_mean,TPR_se,FPR_mean,FPR_se,TNR_mean,TNR_se,FNR_mean,FNR_se,Precision_mean,Precision_se,Recall_mean,Recall_se,F1_mean,F1_se
LCM_100syn_0sim,0.8886096230259648,0.005306945259968848,0.8015353268131046,0.010421466296059018,0.024316078312488186,0.0003598410579697919,0.9756839216875118,0.0003598410579697682,0.1984646731868954,0.010421466296059056,0.9600502412248305,0.007889600895843465,0.8015353268131046,0.010421466296059018,0.8506978371245448,0.010070906048365606
LCM_80syn_20sim,0.9572337280820917,0.002108059277219148,0.9550089519533964,0.004721916044905766,0.04054149936147703,0.0005505044457211775,0.959458500638523,0.0005505044457211458,0.0449910480466036,0.0047219160449057645,0.9593294702774102,0.0003113186076041338,0.9550089519533964,0.004721916044905766,0.95411455175068,0.0026808354371209643
LCM_50syn_50sim,0.9612770310154668,0.001012139020128131,0.9750454278232056,0.0016840239853329522,0.052491364107766635,0.0007450611745581582,0.9475086358922334,0.0007450611745581668,0.0249545721767944,0.00168402398533295,0.9492079469558258,0.0007639780165092417,0.9750454278232056,0.0016840239853329522,0.9602852817414993,0.0011046193917202828
LCM_20syn_80sim,0.9513874901665582,0.0016232848022334867,0.95923721340388,0.0026950901660503577,0.056462235247114426,0.0007598129887193233,0.9435377647528854,0.0007598129887193742,0.040762786596119926,0.0026950901660503473,0.94445942604065,0.0008505299888405175,0.95923721340388,0.0026950901660503577,0.9492424155503706,0.001799277127379851
