mean,median,std,min,max
0.007333333333333335,0.007,0.0005911365148442072,0.007,0.011
0.007240740740740743,0.007,0.0004536176429461436,0.007,0.009
0.007400000000000002,0.007,0.0010143945398748341,0.007,0.021
0.007362962962962964,0.007,0.0006464936298936329,0.007,0.01
