mean,median,std,min,max
0.01179047619047619,0.008,0.013638671854816731,0.003,0.122
0.018980952380952383,0.012,0.02303257766077504,0.005,0.16
0.028457142857142858,0.021,0.018058680296908023,0.01,0.125
0.032990476190476195,0.025,0.023749289559453234,0.012,0.193
0.044504761904761915,0.037,0.022638940163391307,0.024,0.157
0.09476190476190477,0.065,0.08069752459766331,0.045,0.392
3.6756666666666664,0.33,7.130540199264944,0.211,22.341
0.29761904761904756,0.1,0.43667487633140467,0.08,1.507
