model_a,model_b,n_shared_samples,mean_a ± std,mean_b ± std,raw_p_value,adjusted_alpha,significant_after_correction
LCM_100syn_0sim,LCM_80syn_20sim,1000,0.6292 ± 0.1382,0.9397 ± 0.0288,7.372674925536878e-165,0.008333333333333333,Yes
LCM_100syn_0sim,LCM_50syn_50sim,1000,0.6292 ± 0.1382,0.9256 ± 0.0485,9.632336172649031e-165,0.008333333333333333,Yes
LCM_100syn_0sim,LCM_20syn_80sim,1000,0.6292 ± 0.1382,0.8726 ± 0.0560,2.901170796560858e-159,0.008333333333333333,Yes
LCM_80syn_20sim,LCM_50syn_50sim,1000,0.9397 ± 0.0288,0.9256 ± 0.0485,5.25218231693833e-28,0.008333333333333333,Yes
LCM_80syn_20sim,LCM_20syn_80sim,1000,0.9397 ± 0.0288,0.8726 ± 0.0560,1.5814485091166585e-157,0.008333333333333333,Yes
LCM_50syn_50sim,LCM_20syn_80sim,1000,0.9256 ± 0.0485,0.8726 ± 0.0560,2.2477753367080072e-126,0.008333333333333333,Yes
