model,AUC_mean,AUC_se,TPR_mean,TPR_se,FPR_mean,FPR_se,TNR_mean,TNR_se,FNR_mean,FNR_se,Precision_mean,Precision_se,Recall_mean,Recall_se,F1_mean,F1_se
LCM_100syn_0sim,0.6291233897507191,0.0005510191319915863,0.959876583285995,0.0007672013863556217,0.7016298046138314,0.0017777984939434317,0.29837019538616855,0.001777798493943418,0.04012341671400495,0.0007672013863556242,0.6021124872756642,0.0006698491658853772,0.959876583285995,0.0007672013863556217,0.7296658458368118,0.0002676966350564827
LCM_80syn_20sim,0.939746042227745,0.00011708721553261744,0.9982319494394496,2.971423547026804e-05,0.11873986403552142,0.00024007219910422006,0.8812601359644786,0.0002400721991042347,0.0017680505605505604,2.9714235470263527e-05,0.8958172168943189,0.00018017463072098918,0.9982319494394496,2.971423547026804e-05,0.9436644041030423,9.869451236583939e-05
LCM_50syn_50sim,0.9254929895401002,0.00012721793527259955,0.9994600027750028,5.130241587604173e-05,0.1484740229846778,0.0002951101218186006,0.8515259770153223,0.00029511012181857764,0.000539997224997225,5.130241587605883e-05,0.8756476851543908,0.0001618510640461401,0.9994600027750028,5.130241587604173e-05,0.9322530132352922,8.614412815653846e-05
LCM_20syn_80sim,0.8721118909597397,0.0002384272139795504,1.0,0.0,0.2557762176009545,0.0004768545662525695,0.7442237823990456,0.0004768545662525588,0.0,0.0,0.8023232609826569,0.0002747517581534749,1.0,0.0,0.8887494200692524,0.0001764013505461207
