mean,median,std,min,max
0.0023598,0.002,0.0005114648367736177,0.002,0.012
0.0022638000000000007,0.002,0.00045722135806857187,0.002,0.008
0.0022634000000000005,0.002,0.00044413949608023876,0.002,0.004
0.0022340000000000003,0.002,0.00043368377456766486,0.002,0.004
