model,AUC_mean,AUC_se,TPR_mean,TPR_se,FPR_mean,FPR_se,TNR_mean,TNR_se,FNR_mean,FNR_se,Precision_mean,Precision_se,Recall_mean,Recall_se,F1_mean,F1_se
Informer_5V_3L,0.8304929449524678,0.0,0.9721830985915492,5.551115123125783e-17,0.3111972165321423,0.0,0.6888027834678578,0.0,0.027816901408450705,0.0,0.7429256200908906,0.0,0.9721830985915492,5.551115123125783e-17,0.8411270818650729,0.0
LCM_5V_3L_CI,0.8449666582992379,0.0,0.9767605633802818,5.551115123125783e-17,0.28682724907435364,0.0,0.7131727509256462,0.0,0.02323943661971831,0.0,0.7798470349221199,0.0,0.9767605633802818,5.551115123125783e-17,0.8624583129094002,0.0
LCM_5V_3L_CI_CR_1.0,0.8747362996490908,0.0,0.8833920187793428,0.0,0.1339194180267466,0.0,0.8660805819732534,5.551115123125783e-17,0.11660798122065727,6.938893903907228e-18,0.8172203879801769,0.0,0.8833920187793428,0.0,0.8436099680418734,0.0
LCM_5V_3L_CI_CR_0.25,0.8698581980777458,5.551115123125783e-17,0.8586502347417839,5.551115123125783e-17,0.11893383974211776,0.0,0.8810661602578824,0.0,0.14134976525821594,0.0,0.8161828823344648,0.0,0.8586502347417839,5.551115123125783e-17,0.8302671797035062,5.551115123125783e-17
LCM_5V_3L_CI_CR_0.5,0.8760446350969058,5.551115123125783e-17,0.9237558685446009,0.0,0.1716666000114972,0.0,0.8283333999885029,0.0,0.07624413145539904,0.0,0.8162319532927811,0.0,0.9237558685446009,0.0,0.8628059830741373,0.0
LCM_5V_3L_CI_CR_0.75,0.8747783099394424,5.551115123125783e-17,0.8929360601786553,5.551115123125783e-17,0.1433794415015487,0.0,0.8566205584984512,0.0,0.10706393982134461,0.0,0.8187477932570915,5.551115123125783e-17,0.8929360601786553,5.551115123125783e-17,0.8488315024240208,0.0
