mean,median,std,min,max
0.008086901408450706,0.008,0.0032703981179632606,0.006,0.173
0.008351267605633804,0.008,0.002553386549200137,0.006,0.066
0.008559154929577466,0.008,0.0024826246434731573,0.007,0.116
0.009127042253521128,0.009,0.0032273877266090502,0.007,0.118
0.008712394366197184,0.008,0.002674655778281885,0.007,0.078
0.008705782792665727,0.008,0.0022710361400906987,0.007,0.083
