model,AUC_mean,AUC_se,TPR_mean,TPR_se,FPR_mean,FPR_se,TNR_mean,TNR_se,FNR_mean,FNR_se,Precision_mean,Precision_se,Recall_mean,Recall_se,F1_mean,F1_se
LCM_9.4M,0.9624908026381277,0.0003469031532103022,0.9459718309859155,0.0007003945100784718,0.020990230398869894,2.4883445523133148e-05,0.9790097696011302,2.4883445523171312e-05,0.05402816901408451,0.000700394510078474,0.9532511467166607,0.0006602540825534766,0.9459718309859155,0.0007003945100784718,0.9458458966882419,0.0006613355266590114
LCM_9.1M_modifiedperm_CI_CR_12_3_synth_230k_sim_34k_pt,0.9544797382556217,0.0006889549905715592,0.9252394366197183,0.0014187495142012811,0.01627996200597013,5.949658129395777e-05,0.9837200379940299,5.949658129396459e-05,0.07476056338028167,0.0014187495142012824,0.9425963734766174,0.0011107367068188647,0.9252394366197183,0.0014187495142012811,0.9292241922952836,0.001278150344807341
