mean,median,std,min,max
0.02679929577464789,0.026,0.0031381982084204966,0.023,0.107
0.08907535211267605,0.086,0.01040429851610862,0.076,0.257
