model,AUC_mean,AUC_se,TPR_mean,TPR_se,FPR_mean,FPR_se,TNR_mean,TNR_se,FNR_mean,FNR_se,Precision_mean,Precision_se,Recall_mean,Recall_se,F1_mean,F1_se
LCM_9.4M,0.9435025978606499,0.0010424688472837665,1.0,0.0,0.11299478835693677,0.0020849379148193494,0.8870052116430632,0.00208493791481935,0.0,0.0,0.900796763848119,0.0016717065050296507,1.0,0.0,0.9471955911353064,0.0009296017227830653
LCM_9.1M_modifiedperm_CI_CR_12_3_synth_230k_sim_34k_pt,0.9599783083660122,0.0008866202708650403,0.9914885025670503,0.001066583073135212,0.07153187097439745,0.0012022444664970312,0.9284681290256026,0.0012022444664970308,0.008511497432949822,0.0010665830731352098,0.9335710120773036,0.001045124943999421,0.9914885025670503,0.001066583073135212,0.9611448787941709,0.0008841256853368767
