mean,median,std,min,max
0.023019047619047623,0.019,0.011680013297197507,0.01,0.077
0.053390476190476197,0.041,0.03380159737864447,0.012,0.176
