mean,median,std,min,max
0.0137034,0.013,0.0013810901208771028,0.012,0.038
0.021309999999999996,0.021,0.0025862787490046986,0.018,0.038
