model,AUC_mean,AUC_se,TPR_mean,TPR_se,FPR_mean,FPR_se,TNR_mean,TNR_se,FNR_mean,FNR_se,Precision_mean,Precision_se,Recall_mean,Recall_se,F1_mean,F1_se
LCM_9.4M,0.9138276828659906,0.0011770834744941282,0.872434530490086,0.002649172632705924,0.044779170454187826,0.0005301834869991392,0.9552208295458122,0.0005301834869991329,0.12756546950991393,0.0026491726327059315,0.9520707938861854,0.00043030889110098577,0.872434530490086,0.002649172632705924,0.8980718842314097,0.001956759483335625
LCM_9.1M_modifiedperm_CI_CR_12_3_synth_230k_sim_34k_pt,0.902981326535896,0.00219945609659646,0.8651708887819998,0.004654794289865574,0.059208240481069,0.0004114722892161437,0.940791759518931,0.0004114722892161082,0.13482911121800012,0.0046547942898655615,0.934336409076965,0.003059271372119676,0.8651708887819998,0.004654794289865574,0.8791431084108859,0.003856736232135075
