mean,median,std,min,max
0.029981481481481484,0.029,0.007056571038618942,0.026,0.111
0.08965185185185184,0.088,0.00856362022473179,0.084,0.174
