mean,median,std,min,max
0.012169230769230767,0.008,0.01190800555521041,0.004,0.114
0.0204923076923077,0.016,0.013555653961472906,0.008,0.124
0.02356153846153846,0.019,0.014013284863070045,0.011,0.116
0.0332923076923077,0.029,0.013033318158863952,0.02,0.122
0.11942307692307692,0.069,0.09109914294961204,0.044,0.331
4.1983461538461535,0.4535,8.685447916796496,0.202,36.817
0.34153846153846157,0.1095,0.42449379083979366,0.078,1.492
