mean,median,std,min,max
0.02286153846153846,0.019,0.009408682981387232,0.011,0.071
0.05366153846153846,0.0385,0.03530455618666334,0.012,0.179
