mean,median,std,min,max
0.0126866,0.013,0.001321790401679828,0.011,0.065
0.0189258,0.019,0.0012596077493952334,0.018,0.028
