model,AUC_mean,AUC_se,TPR_mean,TPR_se,FPR_mean,FPR_se,TNR_mean,TNR_se,FNR_mean,FNR_se,Precision_mean,Precision_se,Recall_mean,Recall_se,F1_mean,F1_se
LCM_9.4M,0.7890611245930195,0.0,0.6835530892050461,0.0,0.10543084694152202,0.0,0.894569153058478,0.0,0.31644691079495385,0.0,0.8228244091941888,0.0,0.6835530892050461,0.0,0.7284694709980277,0.0
LCM_9.1M_modifiedperm_CI_CR_12_3_synth_230k_sim_34k_pt,0.8048502994924783,0.0,0.710043908465054,0.0,0.10034331404936711,0.0,0.8996566859506329,0.0,0.28995609153494595,0.0,0.8433982321295111,0.0,0.710043908465054,0.0,0.7514429157349366,0.0
