mean,median,std,min,max
0.023877900000000004,0.023,0.0022797612421330492,0.021,0.051
0.0801971,0.077,0.00877655709178941,0.069,0.248
